,State Name,District Name,Household_Rural_Livable,Household_Rural_Dilapidated,Household_Rural_Latrine_premise,Household_Urban_Livable,Household_Urban_Dilapidated,Household_Urban_Latrine_premise,Households_Rural,Households_Urban
0,andaman and nicobar islands,south andaman,11691.835,1221.535,22580.947,10835.034,607.572,44454.018,34901.0,50631.0
1,andaman and nicobar islands,nicobars,3798.0040000000004,191.49599999999998,12910.022000000003,,,,15958.0,0.0
2,andaman and nicobar islands,north  and middle andaman,17317.313,1055.457,18763.68,611.5459999999999,72.204,613.734,39091.0,1094.0
3,andhra pradesh,chittoor,,,,58197.3,4750.8,322658.5,,395900.0
4,andhra pradesh,guntur,331661.87,44934.834,497492.805,112371.74699999999,9749.146999999999,442816.519,1069877.0,513113.0
5,andhra pradesh,anantapur,195950.349,26186.912999999997,198659.34,71359.079,4438.603,260170.422,902997.0,341431.0
6,andhra pradesh,kurnool,211640.31,25867.148999999998,216343.428,64466.22,4297.748,223175.91400000002,783853.0,306982.0
7,andhra pradesh,sri potti sriramulu nellore,192269.223,29632.891,175729.935,43886.416000000005,5023.143999999999,208328.288,689137.0,264376.0
8,andhra pradesh,prakasam,260298.828,36686.412000000004,244576.08,45386.867999999995,4281.78,165704.88600000003,873486.0,214089.0
9,andhra pradesh,y.s.r.,129338.991,15355.314000000002,167727.27599999998,54591.744000000006,3228.5440000000003,232161.664,590589.0,293504.0
10,andhra pradesh,krishna,280061.936,40008.848000000005,511022.10400000005,113975.44200000001,9639.714,527349.06,909292.0,567042.0
11,andhra pradesh,west godavari,302176.5,48348.24,593273.195,52406.70300000001,5464.206000000001,220306.85100000002,1007255.0,248373.0
12,andhra pradesh,east godavari,364641.61600000004,46779.681,563755.13,84929.658,6908.154,354754.026,1199479.0,406362.0
13,andhra pradesh,visakhapatnam,213497.55899999998,23003.104,153833.258,112283.81,7265.423000000001,551511.655,718847.0,660493.0
14,andhra pradesh,vizianagaram,183069.522,19551.113999999998,63393.005999999994,31411.2,2984.064,104285.18400000001,592458.0,157056.0
15,andhra pradesh,srikakulam,241633.392,26346.32,96352.256,32032.375999999997,2544.6279999999997,98641.75600000001,752752.0,149684.0
16,arunachal pradesh,papum pare,8996.444,812.32,11128.784,9476.52,1056.3,27675.06,20308.0,30180.0
17,arunachal pradesh,west kameng,8640.386999999999,447.225,6958.821,,,,17889.0,
18,arunachal pradesh,tawang,5032.37,439.92999999999995,7446.620000000001,613.0,14.712,2390.7,10730.0,2452.0
19,arunachal pradesh,anjaw,3181.2,361.5,1668.925,292.32399999999996,0.0,274.776,6025.0,428.0
20,arunachal pradesh,upper siang,2502.1479999999997,34.276,4824.347,1036.45,24.002000000000002,1749.964,8569.0,2182.0
21,arunachal pradesh,lohit,18177.059,2015.94,16631.505,5310.724,409.39200000000005,10143.824,33599.0,11372.0
22,arunachal pradesh,east kameng,8440.746000000001,377.07800000000003,3190.66,2466.6949999999997,130.375,3337.6,14503.0,5215.0
23,arunachal pradesh,upper subansiri,9146.918,363.55,5002.448,1798.72,56.06399999999999,3975.8719999999994,14542.0,4672.0
24,arunachal pradesh,east siang,5459.16,292.455,9241.578,5371.536,409.532,8638.268,19497.0,9524.0
25,arunachal pradesh,changlang,16644.156,568.174,21824.566000000003,2488.734,51.98400000000001,5932.674,33422.0,6498.0
26,arunachal pradesh,tirap,7975.86,184.2,15767.52,3068.0,97.5,5973.5,18420.0,6500.0
27,arunachal pradesh,lower subansiri,7281.024,271.68,12334.271999999999,1314.425,37.55499999999999,5284.525,18112.0,5365.0
28,arunachal pradesh,kurung kumey,8315.541000000001,2325.375,4371.705,542.724,55.692,880.1519999999999,18603.0,1092.0
29,arunachal pradesh,dibang valley,1021.335,147.96,1329.585,573.4,65.8,965.85,2055.0,1175.0
30,arunachal pradesh,lower dibang valley,6324.0,384.0,5760.0,1275.85,146.15,3499.7,12000.0,3950.0
31,arunachal pradesh,west siang,9176.064,178.17600000000002,15835.392,2550.9,178.563,8128.8679999999995,22272.0,8503.0
32,assam,dhubri,295706.484,81065.952,179634.78,24045.965999999997,7370.873999999999,48394.01699999999,460602.0,60417.0
33,assam,goalpara,138080.44,28804.86,141966.81,18329.856,3160.32,33578.4,228610.0,39504.0
34,assam,barpeta,282623.44800000003,84071.532,312137.922,17640.895999999997,3862.2080000000005,48434.176,447189.0,52192.0
35,assam,morigaon,145128.75,34366.488000000005,132821.83200000002,10817.7,2325.2999999999997,22823.325,232206.0,25275.0
36,assam,nagaon,400274.40699999995,93149.86200000001,485999.28,54269.282,7326.974,118225.07200000001,674999.0,124186.0
37,assam,sonitpur,280811.825,49299.15,265828.75,20778.016,2903.76,61301.6,483325.0,64528.0
38,assam,sivasagar,217189.74599999998,21971.102,258970.858,16397.108,1756.8329999999999,41983.804000000004,360182.0,45047.0
39,assam,dhemaji,140183.796,21175.8,85338.47399999999,7971.432,1188.288,15777.823999999999,211758.0,16504.0
40,assam,tinsukia,162794.24,14535.2,224714.19199999998,33727.61,4545.5,85909.95,290704.0,90910.0
41,assam,golaghat,187451.52,23138.547000000002,190673.34299999996,13231.53,1435.98,33403.63,292893.0,34190.0
42,assam,chirang,74185.35,14062.962,30964.32,4587.135,1718.724,9859.437,129018.0,11613.0
43,assam,lakhimpur,190018.872,28444.182999999997,157469.343,13079.638,1908.17,32855.218,293239.0,34694.0
44,assam,kokrajhar,112692.8,26636.48,51019.10399999999,4244.52,804.405,15420.615,204896.0,17115.0
45,assam,kamrup,230842.236,48043.308,222639.72,19775.899,3727.165,34509.163,390596.0,43849.0
46,assam,karbi anglong,140414.841,9274.713,104610.135,19336.2,1338.66,35139.825,215691.0,37185.0
47,assam,jorhat,174374.97,23192.73,168648.37,28530.871999999996,3232.96,76136.208,286330.0,80824.0
48,assam,dibrugarh,162519.784,17091.564000000002,222490.184,22917.411,3163.683,74385.132,299852.0,77163.0
49,assam,udalguri,160406.21,28653.53,111132.85,4883.754999999999,996.12,12423.83,267790.0,13835.0
50,assam,baksa,187525.163,32663.791999999998,112865.06700000001,1904.56,268.5,3368.78,291641.0,3580.0
51,assam,nalbari,128530.66,20017.07,134219.722,12227.053999999998,2400.23,25442.438,210706.0,28238.0
52,assam,kamrup metropolitan,32139.016,6194.734,39683.098000000005,100152.234,14307.462,355852.26,61334.0,366858.0
53,assam,darrang,154665.79200000002,47796.026000000005,127814.092,6945.016,1736.254,18533.502,268517.0,20189.0
54,assam,bongaigaon,116976.489,22740.375,89506.116,11156.3,1654.21,35238.52,181923.0,38470.0
55,assam,hailakandi,94732.925,26748.12,130397.085,4941.61,1231.3519999999999,15894.162,159215.0,16202.0
56,assam,karimganj,150880.32,39029.805,219247.965,11802.895,2844.465,31844.93,261945.0,32695.0
57,assam,cachar,197003.163,42239.693999999996,268672.152,33083.076,5424.913,85197.814,346227.0,88933.0
58,assam,dima hasao,23468.64,1692.45,21475.31,9631.668,703.197,20584.494,37610.0,21309.0
59,bihar,saharsa,278194.593,28554.965999999997,54081.375,16397.826,2815.4040000000005,25719.095999999998,432651.0,38046.0
60,bihar,saran,360480.02199999994,61015.100999999995,124835.494,31664.085,6027.621,45016.41,701323.0,76299.0
61,bihar,siwan,294751.52400000003,51866.148,127767.828,14399.152,2553.3379999999997,29886.612,632514.0,41858.0
62,bihar,gopalganj,273956.175,41274.0,93382.425,15100.668,2326.113,19371.564,515925.0,38133.0
63,bihar,muzaffarpur,603211.176,83890.296,218713.98599999998,43693.4,8207.6,93059.7,998694.0,120700.0
64,bihar,darbhanga,478987.872,73481.094,189599.36599999998,38215.6,8598.51,64011.13,907174.0,95539.0
65,bihar,vaishali,397911.37299999996,86015.991,174829.25,22966.324,5458.3640000000005,31926.28,699317.0,51494.0
66,bihar,khagaria,219733.24800000002,33258.943999999996,81092.032,9936.311,1512.504,13927.640999999998,373696.0,21007.0
67,bihar,supaul,355390.227,28042.063000000002,52078.117,14408.17,2169.57,13017.42,572287.0,27815.0
68,bihar,katihar,414303.84,33411.6,84865.464,29541.474,4958.498,47839.03,668232.0,69838.0
69,bihar,purnia,464063.39699999994,36355.197,61304.842000000004,39530.289,8317.652999999998,50677.65900000001,712847.0,85749.0
70,bihar,kishanganj,249915.246,14062.755,24911.166,20117.648,3425.203,22502.283,401793.0,43357.0
71,bihar,araria,424435.28400000004,24385.257,44157.087,21443.305,2829.632,24007.659,659061.0,44213.0
72,bihar,begusarai,339389.26700000005,68947.732,151566.135,60572.88,13646.304000000002,80346.096,594377.0,139248.0
73,bihar,sitamarhi,473881.57800000004,50052.227999999996,150963.978,20762.059999999998,3228.55,30050.35,807294.0,49670.0
74,bihar,samastipur,599683.5680000001,98258.96299999999,172206.43,16785.596,2826.59,30527.172000000002,1012979.0,43486.0
75,bihar,madhepura,311217.92,30149.236,54949.414000000004,11016.0,2087.9999999999995,12312.0,486278.0,24000.0
76,bihar,madhubani,532156.416,49234.944,181226.496,17606.918,2927.6139999999996,22884.87,1047552.0,41234.0
77,bihar,bhojpur,251175.10199999998,37806.633,89084.595,31798.248000000003,6344.1759999999995,53074.448,434559.0,77368.0
78,bihar,sheohar,94456.464,5388.456,31379.832000000002,3382.2,601.28,2773.4039999999995,158484.0,7516.0
79,bihar,munger,130256.666,17560.199,58015.34100000001,33626.544,5747.394,63650.244000000006,222281.0,85782.0
80,bihar,lakhisarai,103594.49799999999,13542.914,47136.376000000004,16612.049,2668.092,19566.008,175882.0,31763.0
81,bihar,sheikhpura,64975.8,10179.542000000001,26315.199,10882.215,1801.53,12708.09,108293.0,24345.0
82,bihar,nalanda,306428.036,48843.395,117224.148,42854.195999999996,7279.062,75456.192,514141.0,102522.0
83,bihar,patna,384266.744,59877.181,181605.516,171151.93,28709.356,477569.095,657991.0,552103.0
84,bihar,buxar,169975.13599999997,31421.46,59850.4,14020.38,3115.64,23792.16,299252.0,35405.0
85,bihar,purba champaran,639665.6,63966.56,177050.3,43571.385,5789.205,54845.1,1142260.0,101565.0
86,bihar,pashchim champaran,531412.362,41136.186,96544.11,50145.78,7149.88,52078.18,839514.0,96620.0
87,bihar,kaimur (bhabua),196061.229,21134.295,47145.735,5125.165,703.7539999999999,10739.898000000001,325143.0,15299.0
88,bihar,gaya,437269.49199999997,55006.831000000006,114887.685,40061.52,5230.254,86577.396,696289.0,111282.0
89,bihar,nawada,236460.27300000002,39093.753000000004,65662.323,17993.231,2900.672,31408.839,379551.0,45323.0
90,bihar,jamui,209233.578,26072.72,38783.171,15086.139,2622.335,15086.139,325909.0,30851.0
91,bihar,jehanabad,114235.92,16986.06,41625.18,11027.744,1941.1080000000002,19045.364,186660.0,28132.0
92,bihar,arwal,83152.746,10478.052,30225.15,5149.32,607.56,3884.4,134334.0,9960.0
93,bihar,bhagalpur,307245.876,45982.376000000004,131154.277,55911.35199999999,10058.818000000001,93664.57800000001,522527.0,130634.0
94,bihar,rohtas,295644.99100000004,32792.512,108112.81300000001,39993.404,5645.002,65443.752,512383.0,95678.0
95,bihar,aurangabad,247552.19799999997,28267.205999999995,73666.052,20141.466,2646.324,33324.08,428291.0,49006.0
96,bihar,banka,257490.42,28941.071999999996,47242.043999999994,8672.748,943.092,8284.416,425604.0,18492.0
97,chandigarh,chandigarh,4179.259,249.50799999999998,7841.68,76995.296,10130.96,253563.45599999998,8911.0,289456.0
98,chhattisgarh,surguja,,,,19159.097999999998,1042.672,39947.371,,65167.0
99,chhattisgarh,jashpur,,,,7832.916,248.664,8744.684000000001,,20722.0
100,chhattisgarh,rajnandgaon,149589.108,10662.535999999998,58016.74,25101.183999999997,1913.2,40712.896,313604.0,76528.0
101,chhattisgarh,dakshin bastar dantewada,53379.045,3409.44,7671.24,11050.312,907.8159999999999,15589.392,106545.0,31304.0
102,chhattisgarh,raigarh,203355.572,17005.343999999997,46056.14,25189.164,1999.14,38183.574,354278.0,66638.0
103,chhattisgarh,korba,112389.31199999999,6611.136000000001,24585.162,37438.335,2016.88,73868.23,206598.0,126055.0
104,chhattisgarh,janjgir - champa,223953.97,21256.647999999997,41754.13,26801.22,2325.22,27168.36,379583.0,61190.0
105,chhattisgarh,bilaspur,324832.512,28580.863999999998,91238.91200000001,67930.814,5833.394,123630.31800000001,549632.0,188174.0
106,chhattisgarh,kabeerdham,114072.399,11613.282,16857.99,8759.556,1217.2679999999998,11814.66,187311.0,23868.0
107,chhattisgarh,koriya,61535.26,2680.744,10357.42,22411.125,776.9190000000001,35439.459,121852.0,59763.0
108,chhattisgarh,raipur,383894.43,39736.441,86881.371,118895.30100000002,11455.028999999999,256750.65,673499.0,395001.0
109,chhattisgarh,mahasamund,164875.8,12640.477999999997,41768.53599999999,14738.888,1466.734,17922.774,274793.0,35774.0
110,chhattisgarh,dhamtari,92947.63900000001,7084.938,40822.738,16382.464000000002,1462.72,22400.512000000002,168689.0,41792.0
111,chhattisgarh,uttar bastar kanker,78673.815,5075.73,25040.268000000004,9403.883999999998,796.096,15150.702,169191.0,24878.0
112,chhattisgarh,bastar,165173.85,10758.45,43983.075,19432.476,1591.9260000000002,33485.34,316425.0,54894.0
113,chhattisgarh,narayanpur,15503.616000000002,1184.304,1103.5559999999998,3416.9869999999996,135.93800000000002,2731.1180000000004,26916.0,6179.0
114,chhattisgarh,durg,279526.752,26672.4,74682.72,103523.336,7694.302000000001,218937.866,533448.0,349741.0
115,chhattisgarh,bijapur,28503.685,2118.858,1362.1230000000003,4860.504,246.202,2231.702,50449.0,7942.0
116,dadra and nagar haveli,dadra and nagar haveli,21940.555,385.76800000000003,12778.565,12596.896,121.12400000000001,49236.905999999995,48221.0,60562.0
117,daman and diu,diu,1243.076,29.364,4238.204,969.6339999999999,18.124000000000002,6769.314,9788.0,9062.0
118,daman and diu,daman,2641.584,90.054,5733.437999999999,22658.083000000002,366.43799999999993,53011.363999999994,10006.0,61073.0
119,goa,north goa,26647.57,2085.462,79595.133,41009.08,2301.53,178473.19,115859.0,209230.0
120,goa,south goa,20737.079999999998,1772.4,65401.56,39741.011999999995,2443.095,138767.796,88620.0,162873.0
121,gujarat,banas kantha,258707.924,26670.92,114018.183,32706.912,2061.36,107190.72,666773.0,137424.0
122,gujarat,anand,170601.21399999998,8674.638,170601.21399999998,54525.249,2715.817,173394.47,413078.0,208909.0
123,gujarat,bhavnagar,128567.33200000001,5808.765,124307.571,91704.28199999999,3925.0860000000002,291170.016,387251.0,356826.0
124,gujarat,amreli,90663.34599999999,5333.137999999999,163444.994,28874.053,1168.99,91648.81600000002,313714.0,116899.0
125,gujarat,junagadh,159980.499,8317.029,225049.02,68713.934,4025.084,246392.642,489237.0,287506.0
126,gujarat,kachchh,124026.42199999999,5371.223000000001,240240.15600000002,53710.148,2509.82,220613.178,488293.0,250982.0
127,gujarat,ahmadabad,143033.445,7063.38,116192.601,441046.53699999995,11072.298,1699597.7429999998,353169.0,1845383.0
128,gujarat,patan,112453.15899999999,11456.354,108232.397,26177.025,1539.825,84587.72,301483.0,102655.0
129,gujarat,mahesana,156129.63999999998,12376.13,211346.22,40054.884,2388.594,156177.3,476005.0,183738.0
130,gujarat,sabar kantha,223593.86400000003,11424.504,169191.46400000004,32928.939000000006,1944.1440000000002,93197.403,544024.0,121509.0
131,gujarat,gandhinagar,86970.384,5465.352,101703.07199999999,47734.695999999996,2543.242,158072.272,237624.0,195634.0
132,gujarat,panch mahals,233534.952,12047.438,78771.71,25434.071999999996,1146.618,87664.158,463363.0,104238.0
133,gujarat,surendranagar,124046.832,7838.123999999999,70883.90400000001,38034.78,2237.34,111867.0,340788.0,159810.0
134,gujarat,valsad,104176.77,3411.33,72425.16,58051.32600000001,2123.8289999999997,179345.56,262410.0,235981.0
135,gujarat,kheda,194744.138,11536.975,117215.666,40136.75,2408.205,126029.395,461479.0,160547.0
136,gujarat,navsari,92369.955,3748.3459999999995,119143.855,28283.4,1272.753,121194.369,267739.0,141417.0
137,gujarat,dohad,192599.715,6797.637000000001,19745.517,12462.452000000001,580.8770000000001,37915.426,323697.0,52807.0
138,gujarat,vadodara,251828.84,10949.08,156024.39,137901.229,5543.768,636840.349,547454.0,692971.0
139,gujarat,narmada,60635.11899999999,1795.573,22099.36,7497.576000000001,422.712,16619.256,138121.0,22248.0
140,gujarat,bharuch,114858.614,4510.155,137710.066,36626.437999999995,1087.914,162099.18600000002,300677.0,181319.0
141,gujarat,the dangs,18913.025999999998,573.1220000000001,13181.806,2014.2880000000002,52.611999999999995,4344.248,52102.0,7516.0
142,gujarat,rajkot,130490.616,6892.11,202168.56,158015.508,7936.852000000001,624125.18,459474.0,721532.0
143,gujarat,surat,114280.56,4438.08,184550.16,302939.60400000005,7649.99,1435138.124,369840.0,1529998.0
144,gujarat,tapi,69794.73599999999,1922.72,44222.56,7812.666,209.73600000000002,20318.175,192272.0,26217.0
145,gujarat,porbandar,29188.56,2208.345,37541.865,21539.022,1138.241,67769.118,96015.0,87557.0
146,gujarat,jamnagar,104494.558,5554.528,120810.98399999998,68808.41,2991.67,250701.94599999997,347158.0,299167.0
147,haryana,panipat,82586.952,7287.084,115725.834,59983.56,4460.316,145959.996,173502.0,153804.0
148,haryana,karnal,139023.95,14341.418,200779.85199999998,39824.56,3533.92,124502.72,292682.0,135920.0
149,haryana,panchkula,24955.04,3473.855,31193.8,21259.911999999997,4401.832,82042.656,70895.0,93656.0
150,haryana,kaithal,112079.135,11092.368,133339.507,27931.824,3103.5359999999996,62600.592000000004,231091.0,75696.0
151,haryana,jind,142229.185,13916.75,142785.855,30396.435,2510.62,78546.54,278335.0,89665.0
152,haryana,yamunanagar,101012.54400000001,13725.696000000002,98653.44,48564.801,5730.36,131655.021,214464.0,143259.0
153,haryana,ambala,77511.33000000002,7540.695,89611.515,39729.044,4616.403,124922.66299999999,175365.0,139891.0
154,haryana,sonipat,142496.71600000001,13341.326000000001,159528.19600000003,47553.056000000004,4541.584,123157.07200000001,283858.0,133576.0
155,haryana,kurukshetra,93634.38,8752.778999999999,140655.123,26127.328,3089.38,81559.632,203553.0,88268.0
156,haryana,mahendragarh,94188.646,6935.505999999999,87253.14,16448.352000000003,1238.0479999999998,34134.752,223726.0,44216.0
157,haryana,sirsa,102363.49200000001,14483.084,214791.5,30794.28,3825.9559999999997,89490.04400000001,245476.0,93316.0
158,haryana,palwal,95081.259,11722.347,59728.149000000005,22838.58,2271.24,52238.52,186069.0,63090.0
159,haryana,faridabad,37886.4,3771.1,51392.2,149745.571,9191.544,341619.052,87700.0,382981.0
160,haryana,mewat,109440.43199999999,16865.82,33356.844,14929.644000000002,1739.376,22648.125,187398.0,36237.0
161,haryana,rewari,83170.23300000001,6581.816999999999,99325.602,21484.55,1663.32,60849.79,199449.0,69305.0
162,haryana,gurgaon,55689.278999999995,4534.496,92957.16799999999,104664.712,14897.532,350282.99600000004,141703.0,381988.0
163,haryana,jhajjar,95529.016,10378.984,123912.36,32036.152,3524.76,71826.77600000001,211816.0,78328.0
164,haryana,rohtak,86375.079,8234.541,102318.552,43869.08699999999,3556.9530000000004,121331.61899999999,175203.0,131739.0
165,haryana,bhiwani,163884.57299999997,18923.490999999998,175667.124,41281.76,4366.34,86135.98,357047.0,99235.0
166,haryana,hisar,140436.045,16610.715,188758.125,49624.386000000006,5085.728999999999,137931.135,302013.0,154113.0
167,haryana,fatehabad,94201.28,11572.14,148001.58000000002,18711.679999999997,2712.64,50322.24,203020.0,55360.0
168,himachal pradesh,lahul and spiti,5875.258000000001,139.472,13615.954,,,,17434.0,0.0
169,himachal pradesh,chamba,70830.1,4287.084999999999,90960.76,2573.496,96.85199999999999,12037.32,186395.0,13836.0
170,himachal pradesh,kangra,148845.21300000002,8236.493999999999,378878.72400000005,7411.33,624.1120000000001,32102.761000000002,588321.0,39007.0
171,himachal pradesh,kullu,46198.625,2015.94,91053.29,3189.186,269.217,18762.354,167995.0,20709.0
172,himachal pradesh,mandi,120716.12,6898.064,353525.78,5483.408,221.87199999999996,29160.32,431129.0,31696.0
173,himachal pradesh,hamirpur,42361.056000000004,1961.16,174739.35599999997,2619.904,91.392,14059.135999999999,196116.0,15232.0
174,himachal pradesh,una,46828.023,2591.274,108833.50799999999,4910.744,966.048,15013.996,185091.0,20126.0
175,himachal pradesh,bilaspur,41011.202,1981.954,104891.104,2025.8029999999999,95.896,11207.845,152458.0,11987.0
176,himachal pradesh,solan,47232.815,3662.953,133023.03,9632.182999999999,721.1259999999999,46255.082,192787.0,51509.0
177,himachal pradesh,sirmaur,52870.518,4790.856,97357.03799999999,4147.638,210.54,20232.894,171102.0,21054.0
178,himachal pradesh,shimla,68141.636,6423.187,167002.862,17357.176,1246.6480000000001,86977.672,279269.0,95896.0
179,himachal pradesh,kinnaur,13042.601999999999,445.14,30803.688000000002,,,,44514.0,0.0
180,jammu and kashmir,reasi,52469.028,1433.58,8601.48,4843.095,134.871,9661.668,95572.0,12261.0
181,jammu and kashmir,anantnag,89660.011,10560.417,105190.036,20139.81,2190.646,53352.83,207067.0,70666.0
182,jammu and kashmir,samba,28745.335,3110.151,24504.22,3558.042,219.87900000000002,14132.223,94247.0,19989.0
183,jammu and kashmir,jammu,97753.344,12473.734000000002,62623.236000000004,56057.71800000001,8433.462,210588.50700000004,254566.0,248043.0
184,jammu and kashmir,kupwara,92052.478,13150.354000000001,77476.182,11496.87,1114.848,16304.652,158438.0,23226.0
185,jammu and kashmir,kishtwar,37636.56,2460.852,14475.6,809.055,41.95099999999999,5597.462,72378.0,5993.0
186,jammu and kashmir,ramban,43404.715,1769.901,15002.018,1030.813,128.184,4417.0070000000005,84281.0,5341.0
187,jammu and kashmir,doda,73360.2,1956.2720000000002,29344.08,2689.95,329.15,10600.9,122267.0,11350.0
188,jammu and kashmir,pulwama,63433.6,6785.92,92495.04,9202.072,651.09,19771.432999999997,147520.0,21703.0
189,jammu and kashmir,shupiyan,25104.512000000002,4461.344,44613.44,1813.568,173.976,4997.856,75616.0,5272.0
190,jammu and kashmir,kulgam,47016.48,4509.744000000001,40011.984000000004,10574.76,1057.476,14729.13,95952.0,25178.0
191,jammu and kashmir,ganderbal,30235.512,6059.86,44332.66,2982.76,610.11,12378.454,63788.0,13558.0
192,jammu and kashmir,udhampur,66452.808,2973.28,11001.136,5898.32,624.528,26056.695999999996,148664.0,34696.0
193,jammu and kashmir,leh(ladakh),19013.8,775.32,32526.52,9540.804,192.21400000000003,16740.092,36920.0,17474.0
194,jammu and kashmir,kargil,29591.21,1412.95,39078.16,5348.512,93.288,7579.65,40370.0,7774.0
195,jammu and kashmir,punch,78622.705,3171.336,18103.042999999998,4168.437,122.152,11497.556999999999,132139.0,15269.0
196,jammu and kashmir,badgam,74380.487,6265.311,133820.617,9190.22,706.94,24579.76,160649.0,27190.0
197,jammu and kashmir,kathua,66564.258,6348.09,25755.107999999997,9037.71,1037.663,22460.382999999998,181374.0,33473.0
198,jammu and kashmir,srinagar,1734.9119999999998,284.63399999999996,4007.4660000000003,59791.272000000004,5669.862000000001,252824.30099999998,4518.0,257721.0
199,jammu and kashmir,baramula,97060.323,11158.778999999999,156433.449,16636.88,2446.6,45262.1,210543.0,48932.0
200,jammu and kashmir,bandipore,43239.777,5958.554,56445.221,5442.05,754.865,16554.365,80521.0,17555.0
201,jammu and kashmir,rajouri,103721.03,5293.89,19999.14,3256.4880000000003,297.63599999999997,14969.34,196070.0,17508.0
202,jharkhand,deoghar,155968.038,13126.022999999997,14155.515,24062.037999999997,2702.1540000000005,43942.170999999995,257373.0,64337.0
203,jharkhand,dhanbad,135074.80800000002,12161.908000000001,31569.208,180427.475,15812.745,240434.815,258764.0,405455.0
204,jharkhand,latehar,84898.66,3220.2940000000003,10539.144000000002,5739.622,706.85,7888.446,146377.0,14137.0
205,jharkhand,garhwa,170272.128,12552.112,13370.728000000001,8535.1,1304.24,8880.34,272872.0,19180.0
206,jharkhand,chatra,115560.05,9043.83,13264.284,6740.991999999999,595.6479999999999,9544.896,200974.0,14528.0
207,jharkhand,kodarma,61041.42199999999,4901.988,8870.264,15542.637000000002,1877.6340000000002,17489.813,116714.0,34771.0
208,jharkhand,giridih,242574.30400000003,14029.484000000002,26248.711999999996,17347.82,1594.124,28741.118,452564.0,46886.0
209,jharkhand,godda,173336.658,25433.767999999996,21839.866,5731.967999999999,654.192,10108.824,276454.0,15576.0
210,jharkhand,sahibganj,145465.94999999998,16311.85,20557.399999999998,17457.495,2928.354,20385.849,223450.0,37543.0
211,jharkhand,pakur,120152.212,14241.747999999998,14642.923999999999,7746.129,945.4590000000001,7712.955,200588.0,16587.0
212,jharkhand,lohardaga,60474.375,2709.252,7063.406999999999,5330.45,647.9000000000001,10381.125,96759.0,14725.0
213,jharkhand,bokaro,125906.936,10262.792,16520.592,94851.884,8270.464,162049.404,250312.0,258452.0
214,jharkhand,purbi singhbhum,133893.87,15227.145999999999,35705.032,88268.508,7868.897999999999,276095.682,262537.0,342126.0
215,jharkhand,palamu,223272.212,22398.326999999997,26309.146,21002.375,2828.25,30534.625,355529.0,52375.0
216,jharkhand,saraikela-kharsawan,116227.68,7820.928000000001,13903.872000000001,25048.674,2326.926,44143.155,217248.0,68439.0
217,jharkhand,pashchimi singhbhum,171496.35199999998,13477.12,12466.336000000001,23773.5,2852.82,37340.244,336928.0,63396.0
218,jharkhand,gumla,137126.157,6282.241,13864.256000000001,6314.88,822.25,11264.825,216629.0,16445.0
219,jharkhand,khunti,,,,,,,,
220,jharkhand,simdega,85924.724,4180.901,7064.281000000001,4445.6,444.56,5934.876,144169.0,11114.0
221,jharkhand,jamtara,103637.43,8112.1950000000015,7284.420000000001,6737.855,663.7289999999999,12087.913,165555.0,20113.0
222,jharkhand,dumka,194062.383,18221.82,18829.214,7799.135,1164.05,14946.402,303697.0,23281.0
223,jharkhand,ramgarh,67167.567,5094.545999999999,14747.37,47186.083999999995,4268.088,71134.8,134067.0,118558.0
224,jharkhand,hazaribagh,151796.755,10328.438999999998,29107.419000000005,22761.215,2062.95,50542.275,312983.0,68765.0
225,jharkhand,ranchi,231407.0,12622.2,55537.68,98656.95599999999,12719.921999999999,245401.422,420740.0,310242.0
226,karnataka,ramanagara,116123.25,18152.6,74746.0,29013.228000000003,2714.688,75078.09,266950.0,84834.0
227,karnataka,yadgir,106386.944,11428.285,8934.841,18991.552,1601.032,22193.616,207787.0,55208.0
228,karnataka,kolar,133565.903,16654.917,83274.585,47729.272000000004,2416.672,121135.68400000001,326567.0,151042.0
229,karnataka,chikkaballapura,120893.567,15466.801000000001,72599.27,26240.786999999997,1504.8480000000002,79286.67899999999,315649.0,94053.0
230,karnataka,bangalore rural,84333.98,8548.924,174444.26,27764.31,1621.97,87109.33,231052.0,95410.0
231,karnataka,belgaum,370669.145,45250.519,178113.745,90830.49,6767.762,257887.35200000004,962777.0,356198.0
232,karnataka,bijapur,165319.233,26958.531999999996,19822.45,36298.356999999996,3800.189,77969.395,396449.0,131041.0
233,karnataka,gadag,75267.588,9183.366,16566.072,39950.442,3804.8039999999996,47336.238,180066.0,111906.0
234,karnataka,dakshina kannada,135830.952,12318.003,293301.63899999997,83469.099,5077.968000000001,309756.04799999995,332919.0,317373.0
235,karnataka,raichur,142752.67200000002,23461.666,33044.6,38749.218,4514.472,63202.608,330446.0,125402.0
236,karnataka,bidar,162804.978,14356.7,25267.792,30680.7,3068.07,69645.189,287134.0,102269.0
237,karnataka,koppal,107549.39199999999,14194.336000000001,32756.16,17269.827,2393.197,31305.604,272968.0,64681.0
238,karnataka,gulbarga,173905.53599999996,14826.048,18031.68,57399.264,2989.545,135924.646,400704.0,199303.0
239,karnataka,hassan,241602.16100000002,30758.386000000002,132459.501,39464.766,3189.072,119457.32200000001,496103.0,132878.0
240,karnataka,chamarajanagar,124773.0,18387.6,40452.72,21392.8,2574.0,36779.6,262680.0,57200.0
241,karnataka,bagalkot,139338.771,16889.548,23385.528000000002,54567.282,6136.746,70489.65,324799.0,165858.0
242,karnataka,kodagu,72472.8,8334.372,142771.416,10618.528,1017.344,30838.24,181182.0,31792.0
243,karnataka,mysore,259486.08,28651.588,145960.92,108410.01,8368.492,358323.612,540596.0,380386.0
244,karnataka,uttara kannada,160789.161,21393.984,169146.18600000002,52410.602999999996,4496.352,113251.866,334281.0,140511.0
245,karnataka,haveri,141469.124,15753.8,88851.43199999999,29447.911999999997,2856.152,68646.136,315076.0,98488.0
246,karnataka,bellary,148269.99599999998,20066.616,44964.083999999995,72540.288,7556.28,159941.26,371604.0,251876.0
247,karnataka,davanagere,163507.48,20571.44,105694.64,54035.377,4928.308,142392.899,354680.0,176011.0
248,karnataka,shimoga,161419.35199999998,25728.411999999997,217810.392,64935.164000000004,6453.184,176857.57400000002,352444.0,201662.0
249,karnataka,chitradurga,157366.8,20632.536,66793.464,30953.147999999997,1952.88,72158.91600000001,349704.0,97644.0
250,karnataka,chikmagalur,141805.3,17141.3,168608.06,24633.63,2342.214,72204.804,311660.0,80766.0
251,karnataka,tumkur,280346.187,39755.693999999996,125436.069,57138.920999999995,5119.975,168959.175,685443.0,204799.0
252,karnataka,bangalore,86565.888,7514.4,224830.848,590509.416,32641.224000000002,2872427.712,300576.0,2967384.0
253,karnataka,dharwad,80681.628,7788.572999999999,46132.317,82185.13,5667.94,232385.54,199707.0,283397.0
254,karnataka,mandya,202819.21400000004,20649.015,126188.425,31961.415,3206.485,88850.665,458867.0,103435.0
255,karnataka,udupi,93086.865,11332.314000000002,225567.012,28893.0,2427.012,110949.12,269817.0,115572.0
256,kerala,pathanamthitta,125327.584,20334.608,388847.50399999996,13709.975999999999,1619.744,55534.08,414992.0,57848.0
257,kerala,wayanad,94228.78199999999,23956.47,244089.81100000002,4722.0,649.275,11250.165,266183.0,11805.0
258,kerala,kannur,95255.56800000001,18989.856,294955.344,109841.05399999999,11890.011,557698.135,306288.0,566191.0
259,kerala,thiruvananthapuram,191278.206,57047.886,513990.26700000005,157944.416,37199.263999999996,587260.512,559293.0,609824.0
260,kerala,kollam,156590.785,39278.625,487054.95,97945.26,22077.825,386964.06,523715.0,401415.0
261,kerala,alappuzha,99094.281,25519.263000000003,301259.87100000004,104695.239,25487.605,371334.799,331419.0,392117.0
262,kerala,kasaragod,80273.47899999999,19124.716,223457.208,30740.34,4486.428000000001,160514.424,251641.0,166164.0
263,kerala,idukki,172700.01,32503.630000000005,347358.07,4893.405,291.522,20677.238999999998,391610.0,20823.0
264,kerala,ernakulam,109429.424,18484.7,358233.48600000003,179514.331,24954.907000000003,791312.051,369694.0,804997.0
265,kerala,thrissur,118535.29600000002,17174.147999999997,326308.81200000003,203808.915,29319.879,702961.9770000001,336748.0,715119.0
266,kerala,palakkad,235728.24599999998,35958.546,587322.9180000001,64192.202000000005,7538.585999999999,216791.458,665899.0,228442.0
267,kerala,malappuram,175133.86800000002,26650.806,612333.995,111310.81800000001,13064.65,514747.21,634543.0,522586.0
268,kerala,kozhikode,87747.903,21370.338,314079.21,128642.799,23995.548000000003,654545.226,323793.0,666543.0
269,kerala,kottayam,168688.45,22170.481999999996,462688.32,51991.41,5101.044,192662.508,481967.0,196194.0
270,lakshadweep,lakshadweep,2161.0854,92.02860000000001,5186.3934,2284.4696,76.5744,15587.6763,5289.0,15953.0
271,madhya pradesh,chhatarpur,169892.788,9772.594000000001,19545.188000000002,27658.968000000004,1520.7680000000003,55032.792,375869.0,95048.0
272,madhya pradesh,ujjain,165119.985,11429.07,53836.935,56793.884000000005,3584.9959999999996,157739.824,300765.0,188684.0
273,madhya pradesh,ratlam,153895.132,9335.06,35739.943999999996,29466.525,1500.114,88721.02799999999,266716.0,107151.0
274,madhya pradesh,neemuch,80670.805,4878.579999999999,22999.02,18757.512000000002,951.4679999999998,43223.832,174235.0,67962.0
275,madhya pradesh,satna,181037.75200000004,10160.282000000001,105297.46800000001,26716.481999999996,2625.979,69074.665,461831.0,114173.0
276,madhya pradesh,rewa,181796.77,11002.11,93255.98,20598.602,2267.736,56220.955,523910.0,94489.0
277,madhya pradesh,seoni,151105.295,16417.205,50926.84,13169.133999999998,1663.97,35133.538,335045.0,47542.0
278,madhya pradesh,damoh,164132.367,15169.35,17899.833,22681.273999999998,1928.906,37380.868,303387.0,66514.0
279,madhya pradesh,chhindwara,207810.42599999998,21070.242,50816.46600000001,47168.67,5209.674,93351.726,413142.0,140802.0
280,madhya pradesh,umaria,65183.2,5800.2,8009.8,8480.378,629.2860000000001,16541.232000000004,138100.0,29966.0
281,madhya pradesh,mandsaur,150236.639,6952.601,40204.171,24140.44,1391.144,55809.424000000006,302287.0,81832.0
282,madhya pradesh,khandwa (east nimar),139207.41199999998,21253.04,46225.361999999994,19725.175,2790.7,43953.525,265663.0,63425.0
283,madhya pradesh,balaghat,153228.342,21603.996,46808.657999999996,20813.142,2406.962,44670.383,400074.0,70793.0
284,madhya pradesh,burhanpur,56133.835999999996,7422.656000000001,21456.115,26213.037,2451.5789999999997,43122.64599999999,115979.0,62861.0
285,madhya pradesh,alirajpur,84372.786,5434.64,6793.3,4369.276000000001,381.21200000000005,11040.485999999999,135866.0,14662.0
286,madhya pradesh,jhabua,132136.08,10765.08,12242.64,6301.815,444.834,18979.584,211080.0,24713.0
287,madhya pradesh,dindori,111626.75200000001,5886.567000000001,8066.777000000001,3684.7980000000007,537.57,5405.022,218021.0,9774.0
288,madhya pradesh,sidhi,95864.04600000002,4768.107,10289.072999999999,6945.488,388.74,12698.84,250953.0,25916.0
289,madhya pradesh,singrauli,101557.00799999999,4345.907999999999,5032.104,15878.703000000001,1523.4180000000001,30526.953,228732.0,58593.0
290,madhya pradesh,shahdol,103248.54800000001,6774.226,17753.144,16891.032,1561.842,36847.902,233594.0,57846.0
291,madhya pradesh,anuppur,,,,,,,,
292,madhya pradesh,sagar,231378.52800000002,21075.176,50221.695999999996,53127.747,4137.675,107083.02900000001,448408.0,165507.0
293,madhya pradesh,guna,104680.38,6170.185,15744.61,24299.52,2386.56,43102.72,212765.0,72320.0
294,madhya pradesh,panna,121953.4,7702.32,12837.2,11584.44,740.117,17312.302,256744.0,32179.0
295,madhya pradesh,ashoknagar,74626.64,4579.362,11872.42,14037.03,631.295,20907.005,169606.0,37135.0
296,madhya pradesh,bhind,139944.876,12475.705999999998,25222.623000000003,35972.69500000001,2209.625,59483.105,271211.0,88385.0
297,madhya pradesh,tikamgarh,144279.084,9360.387999999999,12588.108,19812.38,1625.94,27219.44,322772.0,60220.0
298,madhya pradesh,morena,170824.43,16603.496,21392.966,34017.816,2001.0480000000002,70322.544,319298.0,95288.0
299,madhya pradesh,khargone (west nimar),218235.967,24163.209,49860.59,22602.9,2451.84,56545.56,383543.0,76620.0
300,madhya pradesh,barwani,150715.516,13018.616000000002,25786.874000000003,18293.088,2005.3919999999998,32330.832,250358.0,48912.0
301,madhya pradesh,vidisha,132245.708,8777.37,33646.585,25651.98,1760.43,59938.45,292579.0,83830.0
302,madhya pradesh,bhopal,55404.138,5112.398999999999,25561.995,175129.62600000002,15127.476,488152.0140000001,118893.0,581826.0
303,madhya pradesh,sehore,117906.172,17848.182,58682.65899999999,18535.86,1480.5,46843.02,270427.0,59220.0
304,madhya pradesh,raisen,116590.20799999998,18091.584000000003,46485.32,27096.523999999998,2977.64,53597.52,251272.0,74441.0
305,madhya pradesh,betul,145438.92,15309.36,41143.905,26574.312,2631.12,62796.06399999999,318945.0,87704.0
306,madhya pradesh,harda,47565.308000000005,8678.978000000001,43169.46199999999,8438.925,1401.18,25253.085,112714.0,31845.0
307,madhya pradesh,hoshangabad,92036.35,21384.3,70861.7,30349.102,3595.3639999999996,85231.276,209650.0,105746.0
308,madhya pradesh,rajgarh,200463.97599999997,21573.11,25887.731999999996,24926.811,2234.3360000000002,42592.03,331894.0,69823.0
309,madhya pradesh,jabalpur,125795.20800000001,15520.188,72972.11200000001,103628.23799999998,10221.832999999999,282686.554,272284.0,352477.0
310,madhya pradesh,katni,128410.215,12150.644000000002,23748.986,20843.68,1749.12,47955.04,276151.0,72880.0
311,madhya pradesh,gwalior,83078.32,7772.4,29880.56,73214.268,5443.44,236789.64,172720.0,272172.0
312,madhya pradesh,datia,74931.551,4332.231000000001,18131.189000000002,15103.547999999999,1302.03,27386.031000000003,160453.0,43401.0
313,madhya pradesh,shajapur,177250.437,13754.884000000002,41889.873999999996,23753.037,1775.9279999999999,49355.999,312611.0,73997.0
314,madhya pradesh,dewas,134747.55,17049.69,59673.915,30809.27,2626.364,78083.82199999999,274995.0,101014.0
315,madhya pradesh,shivpuri,199747.437,15450.078000000001,20600.104,21029.085,1869.2519999999997,43860.663,367859.0,66759.0
316,madhya pradesh,indore,82953.594,9217.065999999999,83153.965,136991.65099999998,15874.569000000001,530916.1410000001,200371.0,587947.0
317,madhya pradesh,mandla,120819.168,12025.982,18738.158,10655.788,1490.32,24254.958,279674.0,37258.0
318,madhya pradesh,sheopur,90688.18400000001,7957.737999999999,8708.467999999999,10708.656,844.0320000000002,15087.072000000002,150146.0,26376.0
319,madhya pradesh,narsimhapur,112792.25099999999,22604.582000000002,63431.225,17880.883,3130.481,38096.361999999994,230659.0,53059.0
320,madhya pradesh,dhar,232976.62,19380.356,79170.81599999999,31732.748,3100.92,78970.096,412348.0,103364.0
321,maharashtra,raigarh,164668.644,20947.248,296170.812,66757.32,4148.76,305499.6,581868.0,377160.0
322,maharashtra,sangli,171762.928,31970.471999999998,379257.56,57380.653,5443.224,175997.57599999997,626872.0,226801.0
323,maharashtra,pune,278606.602,57120.182,720413.7239999999,429858.45099999994,26737.607000000004,1655674.895,1165718.0,2056739.0
324,maharashtra,ahmadnagar,318666.25800000003,77063.082,407184.66300000006,65144.541000000005,7050.275,207560.096,1041393.0,282011.0
325,maharashtra,bid,230876.74,45049.12,86719.556,41720.756,3928.2529999999997,93600.787,563114.0,135457.0
326,maharashtra,latur,171875.016,24431.112,106296.76800000001,48046.89600000001,4082.416,122315.464,428616.0,157016.0
327,maharashtra,osmanabad,140254.35600000003,22763.796000000002,81509.076,24594.912,2179.296,44986.89599999999,367158.0,77832.0
328,maharashtra,jalgaon,309730.747,43792.265,179946.39800000002,101236.115,6350.605,242443.68500000003,796223.0,373565.0
329,maharashtra,satara,215317.116,41049.666,542939.9219999999,41596.443,5425.6230000000005,151515.546,774522.0,200949.0
330,maharashtra,ratnagiri,154560.406,22080.057999999997,361897.536,16736.784,1915.6559999999997,82675.68,538538.0,100824.0
331,maharashtra,kolhapur,193548.52800000002,15929.92,592593.0240000001,84985.59599999999,4593.816,285965.04600000003,796496.0,382818.0
332,maharashtra,nashik,312108.045,50661.015999999996,265065.673,185717.853,19106.775,528111.2609999999,904661.0,764271.0
333,maharashtra,nandurbar,163052.16,13004.16,74357.12,20899.023999999998,2361.8759999999997,45448.22,333440.0,71572.0
334,maharashtra,dhule,143158.598,13014.418,71579.299,33144.951,2336.208,95346.489,382777.0,146013.0
335,maharashtra,mumbai suburban,,,,834362.6590000001,43103.606,1684119.4630000002,0.0,3078829.0
336,maharashtra,solapur,230858.98400000003,60834.462,250357.20900000003,115901.016,7149.737999999999,229167.918,779929.0,376302.0
337,maharashtra,thane,262749.792,41411.651999999995,283455.618,630202.069,31945.727000000003,2163596.965,713994.0,2904157.0
338,maharashtra,mumbai,,,,290118.102,16609.815,741905.07,0.0,1107321.0
339,maharashtra,jalna,165945.86,27927.474000000002,118185.832,35800.66,3040.6040000000003,68854.968,404746.0,98084.0
340,maharashtra,sindhudurg,81653.772,13608.962,220110.168,10707.382,1349.67,39050.452,295847.0,44989.0
341,maharashtra,buldana,269864.945,38552.135,167442.855,52558.727999999996,5347.545,93047.283,575405.0,152787.0
342,maharashtra,akola,146375.05,21879.217999999997,95220.82199999999,66274.026,7254.849,141763.671,308158.0,196077.0
343,maharashtra,washim,127290.275,18419.975,75604.375,19963.797000000002,1453.9460000000001,37634.833,274925.0,55921.0
344,maharashtra,amravati,226978.766,33588.78599999999,209166.53100000002,85415.82200000001,7913.9259999999995,214494.68399999998,508921.0,272894.0
345,maharashtra,wardha,117328.38200000001,25506.17,126725.392,28852.32,4448.066000000001,94250.91200000001,268486.0,120218.0
346,maharashtra,aurangabad,219060.233,44143.12,109254.22200000001,96579.51800000001,5982.802,373497.782,551789.0,427343.0
347,maharashtra,bhandara,123755.54800000001,22991.283,158384.39399999997,18143.75,2467.55,61180.725,283843.0,72575.0
348,maharashtra,nagpur,168029.16,35760.052,198619.08400000003,207972.71399999998,24570.615999999995,789769.8,430844.0,877522.0
349,maharashtra,gadchiroli,125067.636,25541.981999999996,65176.092000000004,10058.58,1490.16,24550.386000000002,293586.0,37254.0
350,maharashtra,chandrapur,186396.812,50548.288,131335.284,58799.412000000004,7933.254,167298.32700000002,451324.0,233331.0
351,maharashtra,yavatmal,295114.967,50968.683,137174.97400000002,49484.477,6586.670999999999,115182.29800000001,629243.0,168889.0
352,maharashtra,nanded,302652.928,46107.282,113494.84799999998,80697.05,9222.52,168772.116,591119.0,230563.0
353,maharashtra,hingoli,113226.952,14547.36,65220.664,16220.331,1299.303,27536.841,242456.0,41913.0
354,maharashtra,parbhani,138816.04,24358.84,39032.84,47885.721999999994,5885.396000000001,89484.77100000001,293480.0,133759.0
355,maharashtra,gondiya,128839.906,16624.504,151858.45,18039.51,2204.8289999999997,51646.44899999999,319702.0,66813.0
356,manipur,senapati,22690.776,836.176,27555.8,1157.684,32.868,1782.1759999999997,38008.0,1826.0
357,manipur,tamenglong,13573.812,2014.4880000000003,15924.048,2253.0930000000003,428.376,3983.073,23982.0,4119.0
358,manipur,churachandpur,28392.992000000002,1218.356,43595.956,2547.825,111.619,4794.763999999999,52972.0,4853.0
359,manipur,imphal west,16899.205,2705.915,46970.6,26152.53,3772.824,82916.382,51055.0,85746.0
360,manipur,thoubal,22096.935,3627.855,60486.237,10264.936,1991.704,36042.182,65961.0,38302.0
361,manipur,ukhrul,25403.136000000002,1876.3680000000002,29011.536,3274.584,243.852,5579.566,36084.0,5806.0
362,manipur,chandel,17740.168,1245.4569999999999,23420.666999999998,1539.681,590.1479999999999,3665.7270000000003,30377.0,3783.0
363,manipur,bishnupur,12137.019000000002,2063.643,31864.047,6372.772000000001,868.052,19986.368000000002,34977.0,21172.0
364,manipur,imphal east,23449.244,2963.366,58558.689000000006,14653.8,1488.64,44426.6,64421.0,46520.0
365,meghalaya,east garo hills,30659.321999999996,2257.128,49719.513999999996,4872.114,138.216,11137.906,62698.0,11518.0
366,meghalaya,south garo hills,18396.16,1437.2,22779.62,1555.7469999999998,100.251,3245.1620000000003,35930.0,3713.0
367,meghalaya,west khasi hills,41980.752,6884.543999999999,30531.455999999995,5755.932,565.7539999999999,11130.595,74832.0,12299.0
368,meghalaya,ribhoi,31255.531999999996,3421.292,37170.308,1955.976,177.81600000000003,5242.704000000001,57988.0,5736.0
369,meghalaya,east khasi hills,56205.192,9881.064,47067.863999999994,25578.105,2285.703,105468.86700000001,106248.0,108843.0
370,meghalaya,jaintia hills,35517.344,6429.8640000000005,33374.056000000004,1003.94,150.591,6891.331,76546.0,7171.0
371,meghalaya,west garo hills,68281.99,7664.305,78454.613,6340.554,1171.422,17459.766,139351.0,18594.0
372,mizoram,saiha,2281.932,366.236,6127.41,1660.0079999999998,133.03199999999998,5645.184,7043.0,5784.0
373,mizoram,aizawl,7117.22,349.69,20035.180000000004,13336.606000000002,562.387,79778.613,20570.0,80341.0
374,mizoram,lawngtlai,10930.521,1143.636,13305.765,1824.458,84.36800000000001,5183.3589999999995,21993.0,5273.0
375,mizoram,mamit,8312.822,986.8340000000001,13899.305999999999,883.6059999999999,41.29,4075.323,16726.0,4129.0
376,mizoram,lunglei,10696.542,837.6809999999999,17290.595,4640.42,138.52,16830.18,21479.0,17315.0
377,mizoram,serchhip,3885.44,463.264,7203.008000000001,3736.388,769.7280000000001,7969.892000000001,7472.0,8018.0
378,mizoram,champhai,8866.39,882.96,17456.855,5646.347999999999,190.755,12386.358,18395.0,12717.0
379,mizoram,kolasib,4554.099,212.71800000000002,9253.233,4815.195,300.168,12081.761999999999,9669.0,12507.0
380,nagaland,longleng,8385.446,279.092,8753.34,1561.287,137.25599999999997,1855.4070000000002,12686.0,2451.0
381,nagaland,tuensang,22379.5,1383.46,20263.62,5094.089,292.981,8392.488,40690.0,9451.0
382,nagaland,kohima,10699.92,191.07,16623.09,14117.345,840.845,40714.6,31845.0,44255.0
383,nagaland,kiphire,9170.304,160.32,5867.712,1192.62,17.16,4088.37,16032.0,4290.0
384,nagaland,zunheboto,13820.014000000001,531.539,22418.439,2181.884,12.088,5705.536,31267.0,6044.0
385,nagaland,wokha,19865.484,384.99,22906.905,1772.89,16.34,7900.39,38499.0,8170.0
386,nagaland,mon,27908.48,610.4979999999999,27341.589,3611.105,415.24,6984.93,43607.0,7415.0
387,nagaland,mokokchung,12799.776000000002,187.68,36147.168,5854.86,124.194,17475.87,37536.0,17742.0
388,nagaland,phek,21163.231999999996,933.672,29332.862,2837.755,29.18,6828.12,38903.0,7295.0
389,nagaland,peren,10708.12,181.836,15577.284,2488.603,85.53300000000002,3783.817,20204.0,4073.0
390,nagaland,dimapur,21954.852000000003,1571.7120000000002,44990.255999999994,21747.138000000003,1319.9130000000002,60841.704,49116.0,62853.0
391,nct of delhi,north west,31497.872000000003,3041.64,43326.471999999994,329990.6,31656.075,824017.225,67592.0,959275.0
392,nct of delhi,north,1141.536,40.608000000000004,4421.76,110023.38900000001,10379.565,266606.541,4512.0,296559.0
393,nct of delhi,north east,1938.664,149.128,5059.7,171682.78,9645.1,458624.505,5326.0,482255.0
394,nct of delhi,east,72.762,13.032,1065.366,111593.944,8761.508,430697.28800000006,1086.0,461132.0
395,nct of delhi,south west,14618.545,1358.907,36113.983,168001.33099999998,15769.078000000001,553130.736,41179.0,606503.0
396,nct of delhi,central,,,,76594.521,6236.704000000001,176966.47599999997,0.0,194897.0
397,nct of delhi,west,873.747,32.562000000000005,1575.639,201514.46400000004,19591.683999999997,629032.997,1809.0,699703.0
398,nct of delhi,south,1205.134,134.22799999999998,2643.708,220627.935,21116.205,640767.6,2918.0,728145.0
399,nct of delhi,new delhi,,,,15167.232,1948.5680000000002,41025.256,0.0,52664.0
400,orissa,khordha,207064.41599999997,28205.89,60725.622,130623.57,18201.644999999997,273381.56999999995,331834.0,356895.0
401,orissa,puri,257690.974,45025.568,62714.183999999994,33505.44,4188.18,52929.93,402014.0,72210.0
402,orissa,jharsuguda,73805.16,6090.216000000001,9703.056,33652.71,4141.871999999999,39643.632000000005,103224.0,73962.0
403,orissa,gajapati,101903.65,8973.605,19316.065,9381.35,1152.5,13069.35,152095.0,23050.0
404,orissa,kandhamal,150290.848,14417.435999999998,13762.098,11387.385,1567.296,13836.285,218446.0,24489.0
405,orissa,ganjam,490013.216,75570.22,151935.91600000003,87747.28199999999,11435.736,143606.454,795476.0,219918.0
406,orissa,nabarangapur,237588.12,15084.960000000003,19884.72,15123.935999999998,1441.776,15712.416,342840.0,29424.0
407,orissa,kalahandi,320804.208,42895.584,37419.551999999996,18360.935999999998,2650.428,22586.256,456336.0,38412.0
408,orissa,nuapada,143801.08200000002,9468.383999999998,25051.765999999996,6254.963000000001,771.485,5744.596,197258.0,11869.0
409,orissa,baudh,98664.127,6174.719,11823.93,3689.697,355.158,3374.0009999999997,131377.0,6577.0
410,orissa,subarnapur,130925.98,12738.744,13977.233,10177.05,961.35,6464.25,176927.0,16575.0
411,orissa,malkangiri,112985.93199999999,12423.416000000001,10073.04,7238.423000000001,1330.476,7555.203,167884.0,15839.0
412,orissa,rayagada,165428.07100000003,13528.551000000001,15664.637999999999,17615.39,2115.815,29769.025,237343.0,49205.0
413,orissa,bargarh,275337.65400000004,34983.11,50622.61800000001,22133.465,2227.565,25688.09,411566.0,47395.0
414,orissa,balangir,327064.22,33373.9,48153.77,29168.048,4229.056,36133.552,476770.0,62192.0
415,orissa,debagarh,68556.0,12248.671999999999,5393.072000000001,4579.05,404.25,3770.55,91408.0,7350.0
416,orissa,sambalpur,153825.809,17214.365999999998,18979.942,39056.776,4929.496,56404.81,220697.0,94798.0
417,orissa,jajapur,286463.158,72359.20599999999,98626.58899999998,19531.512,3186.96,27863.136000000002,495611.0,45528.0
418,orissa,koraput,250835.37300000002,20234.817,31306.697999999997,30473.871,4386.9839999999995,50842.011000000006,381789.0,78339.0
419,orissa,anugul,219224.04000000004,40849.2,56848.47,28780.675999999996,4895.682,47473.28,340410.0,74177.0
420,orissa,dhenkanal,206580.45,36269.85,44785.38,15457.222,2810.4039999999995,22113.441999999995,315390.0,36979.0
421,orissa,cuttack,318740.95,58532.429,129814.496,77141.088,13489.152000000002,164399.04,579529.0,210768.0
422,orissa,nayagarh,168238.378,31920.811999999998,41601.714,12943.68,2028.2879999999998,14891.903999999999,261646.0,26688.0
423,orissa,kendrapara,236406.93,31106.175,65530.342000000004,10478.324,2067.472,13579.532,414749.0,23494.0
424,orissa,bhadrak,240393.26599999997,33273.718,59817.92,28586.588000000003,4014.0560000000005,28098.391999999996,373862.0,54244.0
425,orissa,baleshwar,373316.63399999996,69733.864,136461.95799999998,34789.68000000001,5935.68,56059.2,601154.0,82440.0
426,orissa,mayurbhanj,499604.75,59263.46,103366.5,28241.801999999996,5222.799,41266.56,689110.0,64479.0
427,orissa,kendujhar,343443.8,42194.524,45628.962,40828.032,6442.128000000001,42501.312000000005,490634.0,83664.0
428,orissa,sundargarh,294424.449,22498.838,32584.523999999998,107940.819,10126.644000000002,150748.905,387911.0,230151.0
429,orissa,jagatsinghapur,177449.505,21987.635,68440.385,24622.884,1592.739,19285.055999999997,309685.0,43047.0
430,pondicherry,karaikal,13107.423999999999,747.9780000000001,16954.168,7080.15,404.58,25083.96,35618.0,33715.0
431,pondicherry,mahe,,,,1913.38,133.21,11843.58,0.0,12110.0
432,pondicherry,pondicherry,27847.424,2269.696,31251.967999999997,38710.79,2444.892,168086.325,87296.0,203741.0
433,pondicherry,yanam,,,,2389.926,108.633,12710.061000000002,0.0,15519.0
434,punjab,barnala,50980.769,6667.505,82266.754,22231.02,3199.0980000000004,48908.244000000006,102577.0,54222.0
435,punjab,kapurthala,68489.262,10091.412999999999,128045.142,30646.4,3926.5699999999993,90119.57,165433.0,95770.0
436,punjab,amritsar,152063.304,21487.206000000002,167490.016,163827.3,20815.704,360034.584,275477.0,385476.0
437,punjab,tarn taran,124053.369,18040.077,144320.616,19383.252,3156.447,38988.789,222717.0,44457.0
438,punjab,gurdaspur,207904.84,37877.4,210850.86,76235.568,9645.376,158777.728,420860.0,185488.0
439,punjab,sahibzada ajit singh nagar,50670.57600000001,8562.389000000001,71196.85100000001,41247.954,6613.596,160814.80800000002,117293.0,174042.0
440,punjab,rupnagar,52745.672,8889.72,84304.17799999999,16708.212000000003,3026.85,55512.429000000004,148162.0,60537.0
441,punjab,faridkot,48973.54,7695.842000000001,80056.746,23802.467999999997,4772.276999999999,54674.975999999995,99946.0,58917.0
442,punjab,sangrur,133515.29200000002,17821.516,229634.61599999998,53935.072,7369.036,144244.96,292156.0,156788.0
443,punjab,mansa,67705.395,10483.416,91584.287,17318.026,2996.3740000000003,43168.1,145603.0,50786.0
444,punjab,patiala,143653.92,21248.808999999997,231342.667,70224.98000000001,9159.78,211329.21,299279.0,218090.0
445,punjab,muktsar,78939.696,15997.249,108093.561,30083.95,6793.15,67035.7,149507.0,74650.0
446,punjab,firozpur,177397.698,37640.376000000004,232115.652,63239.748,10924.628,139558.27599999998,348522.0,153868.0
447,punjab,jalandhar,154268.313,20481.018,251057.64,143938.37099999998,18133.968,361923.778,330339.0,377791.0
448,punjab,hoshiarpur,173295.93,27473.745,240923.61,44107.056,6301.008000000001,114318.288,422673.0,128592.0
449,punjab,shahid bhagat singh nagar,73450.368,9891.072,122356.224,17417.88,3144.895,41173.933,183168.0,48383.0
450,punjab,fatehgarh sahib,45965.569,7523.776000000001,96986.175,20239.961,2580.165,53839.44300000001,117559.0,57337.0
451,punjab,ludhiana,178159.432,28047.271999999997,345653.0,262491.701,31447.661,621893.541,395032.0,641789.0
452,punjab,moga,96861.34,15857.83,183007.93,25802.111999999997,4967.648,70214.368,214295.0,74144.0
453,punjab,bathinda,111479.24900000001,16143.766000000001,183908.03699999998,44570.412000000004,7428.402000000001,128071.15299999999,218159.0,137563.0
454,rajasthan,chittaurgarh,201362.22,13204.08,35210.88,23817.964,1599.714,64432.925,366780.0,88873.0
455,rajasthan,pali,256967.409,27697.086,95913.983,46416.25600000001,3495.2,96607.328,512909.0,139808.0
456,rajasthan,banswara,267839.782,35529.767,26940.153000000002,9260.645,906.3609999999999,32510.775,390437.0,39407.0
457,rajasthan,tonk,161710.851,5679.309,20624.859,29677.065,2043.875,53713.035,298911.0,81755.0
458,rajasthan,pratapgarh,132601.81600000002,5245.325,13008.406,5824.56,339.76599999999996,17012.569,209813.0,24269.0
459,rajasthan,baran,126336.288,7724.704000000001,18688.8,24361.596,1396.08,39997.691999999995,249184.0,69804.0
460,rajasthan,jhalawar,178278.52800000002,12840.832,21500.928000000004,19128.9,1339.0230000000001,42657.447,298624.0,63763.0
461,rajasthan,bundi,135027.66799999998,8154.424,19906.388000000003,21319.872000000003,1269.04,40736.184,239836.0,63452.0
462,rajasthan,kota,94199.20199999999,5696.7119999999995,25024.842,91338.355,5922.965,239412.48,203454.0,311735.0
463,rajasthan,ajmer,204258.165,13917.39,57716.235,76702.401,3024.1090000000004,236980.178,409335.0,274919.0
464,rajasthan,bhilwara,294158.325,19080.54,55651.575,43905.365,1896.245,108961.155,530015.0,145865.0
465,rajasthan,rajsamand,166323.61200000002,12794.124000000002,34422.286,18865.685999999998,610.54,43592.556000000004,304622.0,61054.0
466,rajasthan,dungarpur,200468.736,20014.592,29376.256,8076.032000000001,662.487,23376.326999999997,322816.0,31547.0
467,rajasthan,sikar,165653.84,14771.68,212079.12,47955.706,2852.384,150998.078,527560.0,178274.0
468,rajasthan,udaipur,399934.849,25287.061999999998,61886.757000000005,40209.18,2193.228,157546.878,665449.0,182769.0
469,rajasthan,sirohi,121175.78,16458.915,38642.67,18663.252,1323.141,47493.797999999995,238535.0,69639.0
470,rajasthan,jhunjhunun,122110.28799999999,12010.848,228706.564,38190.678,2706.4260000000004,124044.525,500452.0,150357.0
471,rajasthan,bikaner,169891.52400000003,16451.946,99047.43,53556.867,3335.0429999999997,181661.754,335754.0,196179.0
472,rajasthan,ganganagar,167430.437,9942.425,323327.66099999996,53096.834,5441.601,154343.592,397697.0,164897.0
473,rajasthan,barmer,322438.05,28769.725,52654.025,16234.2,1399.5,46351.44,542825.0,55980.0
474,rajasthan,jaisalmer,89264.63700000002,5091.744000000001,26572.539,12455.32,524.11,20501.95,159117.0,30830.0
475,rajasthan,jalor,218411.53600000002,35214.144,47371.40800000001,17593.73,1928.08,29837.037999999997,419216.0,48202.0
476,rajasthan,jodhpur,289186.425,30379.18,80037.455,79320.03600000001,5226.513999999999,277005.24199999997,584215.0,307442.0
477,rajasthan,nagaur,313530.368,42569.856,179063.68,53276.48,3995.736,134190.134,675712.0,166489.0
478,rajasthan,hanumangarh,143173.712,9337.416,320195.557,34999.468,3369.514,102063.66600000001,389059.0,108694.0
479,rajasthan,jaipur,321562.266,31703.322,166065.02,264994.098,11734.055999999999,886899.0660000001,754841.0,977838.0
480,rajasthan,dausa,170070.564,19137.452,33580.812000000005,15975.48,834.54,45899.7,361084.0,59610.0
481,rajasthan,sawai madhopur,155695.464,12410.508,24821.016,24799.871999999996,1852.864,51452.608,282057.0,71264.0
482,rajasthan,karauli,190349.328,17082.631999999998,25013.854,24612.82,1838.5480000000002,37008.191999999995,305047.0,59308.0
483,rajasthan,dhaulpur,125367.28,14168.22,10304.16,23333.147999999997,2051.91,36817.128,214670.0,58626.0
484,rajasthan,bharatpur,,,,54472.74,3112.728,90139.415,,129697.0
485,rajasthan,alwar,309006.13,28162.584,115779.51200000002,61334.49600000001,3407.472,168882.83099999998,782294.0,212967.0
486,rajasthan,churu,135199.624,20004.025999999998,162101.59,45294.78399999999,3277.9120000000003,130371.5,344897.0,148996.0
487,sikkim,east district,16900.416,3046.95,34857.108,7638.208,705.704,39394.888000000006,40626.0,41512.0
488,sikkim,west district,16558.956000000002,2535.1890000000003,26988.530999999995,290.444,124.47599999999998,1684.1979999999999,32091.0,1886.0
489,sikkim,north  district,5228.978999999999,427.091,8657.25,419.398,37.188,2010.2179999999998,11543.0,2066.0
490,sikkim,south district,14104.155,1836.965,26433.615,1248.939,73.467,7991.577000000001,31135.0,8163.0
491,tamil nadu,erode,117627.79600000002,8225.72,138603.382,102910.724,4756.378000000001,275869.924,411286.0,432398.0
492,tamil nadu,vellore,181672.72199999998,15030.476999999999,125471.80799999999,102228.21,7302.015,346602.31200000003,653499.0,486801.0
493,tamil nadu,tiruvannamalai,163299.58,12951.345999999998,70387.75,27500.406999999996,1911.7930000000001,95736.711,563102.0,147061.0
494,tamil nadu,viluppuram,290895.12,16160.84,106661.54399999998,37906.736000000004,2389.08,104482.43199999999,808042.0,159272.0
495,tamil nadu,salem,184445.78600000002,13174.698999999999,83630.698,145799.516,7768.0070000000005,328048.91099999996,572813.0,597539.0
496,tamil nadu,namakkal,94070.67799999999,6666.4259999999995,115551.384,62481.861000000004,3085.5239999999994,140391.342,370357.0,257127.0
497,tamil nadu,the nilgiris,38795.596,2354.646,47429.297999999995,55320.356,2887.6009999999997,89515.631,112126.0,151979.0
498,tamil nadu,dindigul,139802.67,7988.724,83881.602,69858.516,3776.136,154821.576,443818.0,269724.0
499,tamil nadu,karur,61549.89,4669.302,48815.43,30636.42,1371.78,102273.82,212241.0,152420.0
500,tamil nadu,tiruchirappalli,134906.686,10864.968,108649.68,90526.28,5076.24,313880.84,452707.0,423020.0
501,tamil nadu,perambalur,46934.725999999995,3419.0860000000002,24244.428,5607.251,298.61100000000005,18314.808,155413.0,33179.0
502,tamil nadu,ariyalur,84878.945,7614.47,31801.61,8399.194,606.44,15555.185999999998,223955.0,30322.0
503,tamil nadu,cuddalore,193499.88099999996,11938.295999999998,98988.371,68845.92,3911.7,178895.08,497429.0,260780.0
504,tamil nadu,nagapattinam,178360.15200000003,12768.512000000002,124492.992,36804.44,2849.3759999999997,82750.62800000001,399016.0,118724.0
505,tamil nadu,thiruvarur,143956.288,13174.570999999998,101219.265,24230.591999999997,1476.4160000000002,63225.344,321331.0,86848.0
506,tamil nadu,chennai,,,,228657.74999999997,11827.125,1256303.4999999998,0.0,1314125.0
507,tamil nadu,thiruvallur,125464.78799999999,12778.820999999998,109588.071,132527.47600000002,7321.96,650190.048,387237.0,732196.0
508,tamil nadu,pudukkottai,157886.24,16787.904000000002,70749.02399999999,26161.479000000003,1667.6640000000002,72230.69699999999,399712.0,104229.0
509,tamil nadu,thanjavur,206479.17,21558.15,137972.16,78724.674,5486.04,205177.89599999998,479070.0,274302.0
510,tamil nadu,sivaganga,98024.00799999999,9276.72,73904.536,31502.46,2004.7019999999998,112406.505,309224.0,143193.0
511,tamil nadu,madurai,134087.478,8772.078000000001,86467.62599999999,102541.079,4741.784000000001,502629.104,417718.0,592723.0
512,tamil nadu,coimbatore,78033.83,4556.72,94836.735,213274.63700000002,7079.656000000001,689381.5030000001,284795.0,884957.0
513,tamil nadu,tiruppur,98500.536,6067.062,110277.774,126973.19200000001,3766.1539999999995,403516.5,356886.0,538022.0
514,tamil nadu,thoothukkudi,112586.13,6721.56,94773.996,69753.352,3908.593,219783.191,336078.0,300661.0
515,tamil nadu,ramanathapuram,99924.43199999999,8714.34,65357.55,31817.011000000002,2028.1760000000002,89493.266,290478.0,126761.0
516,tamil nadu,kanniyakumari,37114.068,2814.831,86634.24299999999,162950.04,14813.64,436508.592,104253.0,493788.0
517,tamil nadu,dharmapuri,131347.089,9920.475,42459.633,20954.61,1457.7120000000002,53753.13,396819.0,91107.0
518,tamil nadu,krishnagiri,143222.076,9635.736,84093.696,26087.016,855.312,111618.216,437988.0,142552.0
519,tamil nadu,theni,66643.456,3975.888,46953.344000000005,66167.205,2876.835,115073.4,189328.0,221295.0
520,tamil nadu,virudhunagar,98221.14,6184.294,53112.172,71591.80600000001,3338.478,173971.798,363782.0,370942.0
521,tamil nadu,kancheepuram,139099.283,10092.377,128568.10700000002,136348.08000000002,6197.64,663147.48,438799.0,774705.0
522,tamil nadu,tirunelveli,166032.486,8767.392,181923.38400000002,129692.955,5683.755,325007.445,547962.0,516705.0
523,telangana,mahbubnagar,261480.60400000002,52635.706000000006,151964.37699999998,30599.88,2737.8839999999996,125781.612,848963.0,161052.0
524,telangana,rangareddy,110184.99,9506.156,187962.63,182934.288,7904.567999999999,1084055.04,432098.0,1129224.0
525,telangana,nalgonda,285058.368,49176.736000000004,265887.77599999995,47976.219000000005,3356.361,160315.59600000002,833504.0,197433.0
526,telangana,warangal,294390.344,64492.73,225345.186,68315.01299999999,8359.221,237517.176,758738.0,288249.0
527,telangana,hyderabad,,,,203661.19900000002,9596.601,1050294.665,0.0,1066289.0
528,telangana,adilabad,213295.36200000002,38835.29,82450.308,51758.28,6166.9439999999995,155715.336,597466.0,220248.0
529,telangana,nizamabad,179722.47,24302.095,166158.51,39403.782,3412.9260000000004,132638.715,565165.0,155133.0
530,telangana,karimnagar,284224.464,44739.03599999999,300014.71200000006,60489.24,5184.792,243109.13600000003,877236.0,288044.0
531,telangana,khammam,226879.818,34801.623999999996,250303.988,45508.03800000001,4429.986000000001,171964.00200000004,669262.0,201363.0
532,telangana,medak,205403.938,26120.732000000004,188781.654,37922.926,2345.748,165375.234,593653.0,195479.0
533,tripura,west tripura,119903.094,11584.84,246757.092,69879.152,7812.576,212892.69599999997,289621.0,217016.0
534,tripura,south tripura,94024.359,9862.695,181035.24599999998,12304.243999999999,1616.616,44007.88,219171.0,44906.0
535,tripura,dhalai,42492.075,6440.904,59399.448000000004,5628.4,1266.39,13564.444000000001,89457.0,14071.0
536,tripura,north tripura,72811.508,12486.271,122606.155,14511.295999999998,2995.064,40918.48,150437.0,42184.0
537,uttar pradesh,bijnor,359718.25,37613.125,344673.0,95924.69600000001,7188.736000000001,207574.75200000004,683875.0,224648.0
538,uttar pradesh,moradabad,439672.73,41543.88,330966.244,164249.31600000002,11376.576000000001,332764.848,692398.0,355518.0
539,uttar pradesh,rampur,257506.97500000003,24600.05,223781.1,69460.245,5585.463,135053.631,396775.0,143217.0
540,uttar pradesh,jyotiba phule nagar,203212.24,19817.392000000003,135362.86399999997,58551.402,4619.44,106247.12,335888.0,115486.0
541,uttar pradesh,meerut,190378.48,15642.319999999998,202587.12,151606.777,8868.363000000001,392319.487,381520.0,422303.0
542,uttar pradesh,baghpat,128686.765,7873.76,144680.34,32545.815,2169.721,60542.215,246055.0,69991.0
543,uttar pradesh,ghaziabad,180191.34900000002,12794.652,212533.38599999997,285183.756,15053.688,792827.568,355407.0,836316.0
544,uttar pradesh,mirzapur,240018.432,22327.296000000002,89309.18400000001,31730.941000000003,2728.705,53404.655,465152.0,77963.0
545,uttar pradesh,bulandshahr,370706.78699999995,28313.306999999997,203460.74099999998,95964.92399999998,6205.583999999999,188383.8,658449.0,221628.0
546,uttar pradesh,sonbhadra,188072.78399999999,6066.8640000000005,46175.575999999994,31317.76,4278.88,64365.28,337048.0,91040.0
547,uttar pradesh,aligarh,330060.33900000004,25031.031000000003,124573.03799999999,116999.408,7450.434,232895.048,582117.0,275942.0
548,uttar pradesh,sant ravidas nagar (bhadohi),140004.27,18197.62,36982.26,20238.68,2621.829,25574.332000000002,293510.0,45997.0
549,uttar pradesh,varanasi,208933.06,29408.645,118951.385,113174.18199999999,11064.515,281354.81,438935.0,316129.0
550,uttar pradesh,pilibhit,233088.50400000002,34201.184,131971.96,40874.928,7529.592000000001,79598.544,371752.0,89638.0
551,uttar pradesh,gautam buddha nagar,72263.20499999999,4100.04,88321.695,95240.735,4406.155,310125.525,170835.0,338935.0
552,uttar pradesh,muzaffarnagar,338220.492,30992.315999999995,369886.554,118441.6,9475.328000000001,274192.304,673746.0,296104.0
553,uttar pradesh,mainpuri,180745.65,25385.625,45694.125,30277.728000000003,3202.452,54878.382000000005,338475.0,72783.0
554,uttar pradesh,etawah,145306.72100000002,20720.154,52597.314000000006,34620.615,3590.2860000000005,71292.822,265643.0,85483.0
555,uttar pradesh,kannauj,174774.655,26381.08,65053.345,28571.505,3893.115,49884.66,299785.0,65985.0
556,uttar pradesh,agra,262897.659,21369.752999999997,82497.186,155417.464,7730.187999999999,333618.64,496971.0,406852.0
557,uttar pradesh,firozabad,201454.272,23433.049,39871.158,96708.541,7424.84,152394.841,349747.0,185621.0
558,uttar pradesh,budaun,464965.22400000005,57587.435999999994,149300.76,81154.02399999999,9870.084,121417.7,710956.0,156668.0
559,uttar pradesh,bareilly,397916.19,48634.20100000001,282962.624,169063.86800000002,14511.92,334862.554,631613.0,362798.0
560,uttar pradesh,ambedkar nagar,232723.376,49654.34100000001,69716.701,27313.02,6373.0380000000005,35376.864,501559.0,65031.0
561,uttar pradesh,kheri,483160.32,83798.118,138153.654,49313.776,9582.808,82046.064,754938.0,107672.0
562,uttar pradesh,sitapur,512273.877,100137.54299999999,98482.37700000001,47199.255999999994,9462.115,80149.68,827583.0,111319.0
563,uttar pradesh,hardoi,490059.899,65288.879,136870.66199999998,56173.695999999996,7990.223999999999,89587.36,786613.0,121064.0
564,uttar pradesh,unnao,351827.03,43531.140999999996,94218.086,53499.238000000005,6172.988999999999,86784.963,596317.0,121039.0
565,uttar pradesh,lucknow,196856.66,28564.865000000005,73993.325,223163.026,29420.205999999995,629305.382,344155.0,717566.0
566,uttar pradesh,rae bareli,390583.85,54991.95,94473.35,25027.013000000003,3816.436,52182.422999999995,705025.0,73393.0
567,uttar pradesh,farrukhabad,188721.612,27231.641999999996,75678.633,43343.251000000004,4457.621,77486.731,316647.0,94843.0
568,uttar pradesh,shahjahanpur,319977.735,62434.68,140478.03,66952.85800000001,11046.547999999999,115719.32600000002,520289.0,134714.0
569,uttar pradesh,mathura,217191.104,16299.52,79867.648,72009.81,4089.446,144375.22400000002,407488.0,177802.0
570,uttar pradesh,mahamaya nagar,158770.65,12102.3,47544.75,39385.712,2716.2560000000003,61709.941000000006,288150.0,84883.0
571,uttar pradesh,kanpur dehat,206713.944,30570.372000000003,83704.59,16322.585,2438.0570000000002,27397.148999999998,363933.0,41323.0
572,uttar pradesh,sant kabir nagar,141037.848,33147.144,39971.556000000004,10300.841,1739.4560000000001,13507.963,324972.0,27179.0
573,uttar pradesh,mahoba,100537.08600000001,3371.066,35297.044,23631.675,776.4,26543.175,198298.0,48525.0
574,uttar pradesh,jalaun,174682.488,8840.824,86274.248,37633.215,3204.775,69223.13999999998,304856.0,91565.0
575,uttar pradesh,jhansi,146746.60799999998,6191.84,64085.543999999994,64260.609,3711.0989999999997,139849.836,309592.0,195321.0
576,uttar pradesh,lalitpur,136230.86399999997,6966.351000000001,30961.56,15862.478000000001,1139.294,27562.151,258013.0,43819.0
577,uttar pradesh,ghazipur,358488.576,72817.992,130232.17800000001,23603.327999999998,4487.090999999999,40260.885,700173.0,61467.0
578,uttar pradesh,ballia,269470.179,72310.656,125413.79400000001,23267.894,5994.222000000001,39316.94,564927.0,64454.0
579,uttar pradesh,mahrajganj,294545.644,50428.04800000001,95698.68199999999,13374.969,1973.914,19875.272,573046.0,34033.0
580,uttar pradesh,kanpur nagar,214542.97199999998,25175.961,86109.084,265058.62200000003,32875.488,583539.912,364869.0,684906.0
581,uttar pradesh,mau,166241.704,35572.907,61988.432,43800.56100000001,6753.8279999999995,63068.835,352207.0,99321.0
582,uttar pradesh,deoria,277966.77,50811.13,99828.92599999999,22823.808000000005,4483.248,42387.072,597778.0,67928.0
583,uttar pradesh,kushinagar,414959.11600000004,63097.54,109863.952,16553.925000000003,4020.85,26648.825,742324.0,42775.0
584,uttar pradesh,gorakhpur,356596.344,67814.262,141724.188,59777.72,6999.29,152092.68000000002,761958.0,189170.0
585,uttar pradesh,kanshiram nagar,166808.91,24139.826,30378.208,36317.49,3189.56,55744.81,271234.0,72490.0
586,uttar pradesh,saharanpur,281363.13,34489.674,259580.178,105990.188,8808.836,261423.52,605082.0,284156.0
587,uttar pradesh,auraiya,141221.472,23025.24,52190.543999999994,22557.068000000003,2337.52,43945.376000000004,255836.0,58438.0
588,uttar pradesh,azamgarh,430364.59199999995,80192.16,149692.032,30082.316000000003,3860.8320000000003,51960.363999999994,891024.0,80434.0
589,uttar pradesh,chandauli,169019.13,23455.716,64848.156,18702.496,2337.812,35168.824,344937.0,50822.0
590,uttar pradesh,etah,189183.236,23397.22,30750.631999999998,29404.368,2100.312,53049.816,334246.0,67752.0
591,uttar pradesh,faizabad,262334.292,47465.154,74004.81,28622.968000000004,3885.112,60417.456000000006,510378.0,79288.0
592,uttar pradesh,gonda,344198.35800000007,76114.314,53212.662000000004,17158.05,2322.936,40704.174,673578.0,52794.0
593,uttar pradesh,balrampur,232509.69,27474.69,41827.13999999999,14486.04,1466.4879999999998,25717.192000000003,410070.0,35768.0
594,uttar pradesh,shrawasti,139808.74,16916.36,25872.08,3189.0,850.4,5357.52,248770.0,8504.0
595,uttar pradesh,bahraich,430986.84,60072.72,73344.6,25931.64,3519.2940000000003,49084.89,698520.0,61742.0
596,uttar pradesh,jaunpur,426926.568,66678.33600000001,142617.55200000003,35858.99,3545.6080000000006,57857.876,926088.0,80582.0
597,uttar pradesh,hamirpur,129320.905,3841.215,64020.25,20516.3,884.8,37991.1,256081.0,55300.0
598,uttar pradesh,banda,199991.62399999998,4158.616,75611.2,23784.288000000004,1148.673,49663.215,378056.0,67569.0
599,uttar pradesh,sultanpur,418189.02599999995,72217.382,110005.54699999999,14817.627,2195.204,36370.539000000004,839737.0,49891.0
600,uttar pradesh,chitrakoot,108799.425,3730.2660000000005,24453.966,11001.586000000001,636.066,13828.546,207237.0,23558.0
601,uttar pradesh,fatehpur,320755.218,31851.999,102261.681,31792.797,3342.519,56045.492999999995,558807.0,77733.0
602,uttar pradesh,pratapgarh,317854.99500000005,44798.355,80352.60500000001,13219.216999999999,1251.03,26730.340999999997,711085.0,41701.0
603,uttar pradesh,kaushambi,193120.512,15393.664,48280.128,13197.756,1353.616,15812.695999999998,349856.0,30764.0
604,uttar pradesh,allahabad,479833.80799999996,45230.236,153389.49599999998,80917.72,7693.816,222855.36,983266.0,265304.0
605,uttar pradesh,bara banki,323642.56,75664.96,83930.88,31231.86,6957.984,53608.10399999999,635840.0,79068.0
606,uttar pradesh,siddharthnagar,215113.92,31690.89,49937.16,11805.192,1734.096,15640.212,480165.0,33348.0
607,uttar pradesh,basti,207125.88,51396.0,67328.76,11090.205,2112.42,22397.865,513960.0,31065.0
608,uttarakhand,bageshwar,24103.781000000003,2784.8989999999994,51376.585,353.08,34.92,3492.0,96031.0,3880.0
609,uttarakhand,tehri garhwal,62668.28400000001,6357.651999999999,113756.55900000001,2880.762,190.23899999999998,26062.743000000002,227059.0,27177.0
610,uttarakhand,almora,62673.49600000001,4420.952,134188.896,3056.89,274.06600000000003,19374.358,260056.0,21082.0
611,uttarakhand,champawat,34336.405999999995,5112.12,34421.608,3607.759,757.5010000000001,10258.361,85202.0,12839.0
612,uttarakhand,nainital,61208.262,9847.386,134001.684,20904.246,3167.31,100086.996,193086.0,105577.0
613,uttarakhand,hardwar,145782.924,15996.883999999998,151517.65600000002,47104.299000000006,4096.026000000001,172405.458,301828.0,186183.0
614,uttarakhand,udham singh nagar,123657.354,18050.202,153292.014,52872.092000000004,5810.12,133632.76,269406.0,145253.0
615,uttarakhand,dehradun,60941.415,8901.555,170270.77,54956.17199999999,6465.432,256462.13600000003,228245.0,269393.0
616,uttarakhand,chamoli,42983.142,4085.85,76813.98,2657.0959999999995,206.15400000000002,20042.75,163434.0,22906.0
617,uttarakhand,rudraprayag,22315.59,2141.395,57479.55,432.03799999999995,13.362,4079.8639999999996,112705.0,4454.0
618,uttarakhand,garhwal,70200.182,5034.276000000001,135086.406,5296.32,404.58,34830.66,279682.0,36780.0
619,uttarakhand,uttarkashi,30279.96,3364.44,44298.46,1440.6989999999998,72.488,8290.815,112148.0,9061.0
620,uttarakhand,pithoragarh,46656.498,4224.8009999999995,88169.76,2599.344,131.28,25337.04,183687.0,26256.0
621,west bengal,koch bihar,463565.83900000004,101229.28199999999,447497.6990000001,32995.209,7689.149,87889.89299999998,803407.0,97331.0
622,west bengal,uttar dinajpur,396024.999,84813.644,140900.086,37707.6,13763.274,75980.814,683981.0,94269.0
623,west bengal,dakshin dinajpur,225186.624,46522.931000000004,107510.975,24036.410999999996,6517.161000000001,64190.53199999999,390949.0,70077.0
624,west bengal,maldah,489887.62,93825.93400000001,210900.772,62408.83,10680.274000000001,95607.754,830318.0,128678.0
625,west bengal,murshidabad,842098.0260000001,255181.22,520869.902,170186.015,40704.284,216855.582,1501066.0,350899.0
626,west bengal,birbhum,432142.88,129642.864,155405.228,50192.745,12514.545,82892.04,831044.0,134565.0
627,west bengal,barddhaman,707001.624,128297.592,629204.148,329424.576,54329.183999999994,616593.12,1364868.0,862368.0
628,west bengal,nadia,582864.3589999999,168695.436,771024.6529999999,192976.68,49649.34,437007.87,1081381.0,468390.0
629,west bengal,puruliya,409568.313,48338.206000000006,39846.359,43253.355,6662.0109999999995,50611.397000000004,653219.0,99433.0
630,west bengal,hugli,451398.675,116073.945,596243.085,218360.16100000002,34341.509,575382.264,992085.0,647953.0
631,west bengal,jalpaiguri,461462.484,127740.48,296198.238,118826.47200000001,33539.73,262887.598,798378.0,319426.0
632,west bengal,darjiling,164379.928,24262.72,158617.532,68368.975,11430.775,187637.25,303284.0,215675.0
633,west bengal,kolkata,,,,404204.75399999996,35318.862,1241392.594,0.0,1308106.0
634,west bengal,south twenty four parganas,782832.198,254145.924,862841.1,235400.55,49525.83,508098.33,1568802.0,611430.0
635,west bengal,paschim medinipur,712182.87,180092.22,571656.365,65943.74399999999,16686.984,155209.056,1364335.0,201048.0
636,west bengal,purba medinipur,584572.94,215934.086,1021213.1359999999,59406.03599999999,17241.407,141345.396,1193006.0,170707.0
637,west bengal,haora,195287.13599999997,67190.376,290997.168,305998.17600000004,56505.345,725876.355,483384.0,869313.0
638,west bengal,north twenty four parganas,559923.031,238239.389,954166.8930000002,551034.2019999999,89089.36200000001,1550814.82,1209337.0,1649803.0
639,west bengal,bankura,471869.86,105360.255,148584.975,35263.38,8088.765,54894.54,900515.0,90885.0
